"DBMS_METADATA.GET_DDL('TABLE','TOLU_ATTENDANCE')"
"
  CREATE TABLE ""WKSP_SOFTALLIANCE"".""TOLU_ATTENDANCE"" 
   (	""ATTENDANCE_ID"" NUMBER, 
	""EMPLOYEE_ID"" VARCHAR2(50) NOT NULL ENABLE, 
	""ATTENDANCE_DATE"" DATE NOT NULL ENABLE, 
	""CLOCK_IN"" TIMESTAMP (6), 
	""CLOCK_OUT"" TIMESTAMP (6), 
	""STATUS"" VARCHAR2(30), 
	 CONSTRAINT ""CHK_EMPLOYEESTATUS"" CHECK (Status IN ('Present', 'Late', 'Absent')) ENABLE, 
	 PRIMARY KEY (""ATTENDANCE_ID"")
  USING INDEX PCTFREE 10 INITRANS 2 MAXTRANS 255 
  STORAGE(INITIAL 65536 NEXT 1048576 MINEXTENTS 1 MAXEXTENTS 2147483645
  PCTINCREASE 0 FREELISTS 1 FREELIST GROUPS 1
  BUFFER_POOL DEFAULT FLASH_CACHE DEFAULT CELL_FLASH_CACHE DEFAULT)
  TABLESPACE ""APEX_BIGFILE_INSTANCE_TBS""  ENABLE, 
	 CONSTRAINT ""UNIQUE_EMP_ATTENDANCE"" UNIQUE (""EMPLOYEE_ID"", ""ATTENDANCE_DATE"")
  USING INDEX PCTFREE 10 INITRANS 2 MAXTRANS 255 
  STORAGE(INITIAL 65536 NEXT 1048576 MINEXTENTS 1 MAXEXTENTS 2147483645
  PCTINCREASE 0 FREELISTS 1 FREELIST GROUPS 1
  BUFFER_POOL DEFAULT FLASH_CACHE DEFAULT CELL_FLASH_CACHE DEFAULT)
  TABLESPACE ""APEX_BIGFILE_INSTANCE_TBS""  ENABLE, 
	 CONSTRAINT ""FK_ATTENDANCE_EMPLOYEE"" FOREIGN KEY (""EMPLOYEE_ID"")
	  REFERENCES ""WKSP_SOFTALLIANCE"".""TOLU_EMPLOYEES"" (""EMPLOYEE_ID"") ENABLE
   ) SEGMENT CREATION IMMEDIATE 
  PCTFREE 10 PCTUSED 40 INITRANS 1 MAXTRANS 255 
 NOCOMPRESS LOGGING
  STORAGE(INITIAL 65536 NEXT 1048576 MINEXTENTS 1 MAXEXTENTS 2147483645
  PCTINCREASE 0 FREELISTS 1 FREELIST GROUPS 1
  BUFFER_POOL DEFAULT FLASH_CACHE DEFAULT CELL_FLASH_CACHE DEFAULT)
  TABLESPACE ""APEX_BIGFILE_INSTANCE_TBS"" "
