"DBMS_METADATA.GET_DDL('TABLE','TOLU_EMPLOYEES')"
"
  CREATE TABLE ""WKSP_SOFTALLIANCE"".""TOLU_EMPLOYEES"" 
   (	""EMPLOYEE_ID"" VARCHAR2(30), 
	""FIRST_NAME"" VARCHAR2(50) NOT NULL ENABLE, 
	""LAST_NAME"" VARCHAR2(50) NOT NULL ENABLE, 
	""DOB"" DATE, 
	""GENDER"" VARCHAR2(20), 
	""PHONE"" VARCHAR2(15), 
	""EMAIL"" VARCHAR2(50) NOT NULL ENABLE, 
	""DEPARTMENT_ID"" VARCHAR2(50), 
	""POSITION_ID"" VARCHAR2(50), 
	""HIRE_DATE"" DATE, 
	""STATUS"" VARCHAR2(20), 
	 PRIMARY KEY (""EMPLOYEE_ID"")
  USING INDEX PCTFREE 10 INITRANS 2 MAXTRANS 255 COMPUTE STATISTICS 
  STORAGE(INITIAL 65536 NEXT 1048576 MINEXTENTS 1 MAXEXTENTS 2147483645
  PCTINCREASE 0 FREELISTS 1 FREELIST GROUPS 1
  BUFFER_POOL DEFAULT FLASH_CACHE DEFAULT CELL_FLASH_CACHE DEFAULT)
  TABLESPACE ""APEX_BIGFILE_INSTANCE_TBS""  ENABLE, 
	 UNIQUE (""EMAIL"")
  USING INDEX PCTFREE 10 INITRANS 2 MAXTRANS 255 COMPUTE STATISTICS 
  STORAGE(INITIAL 65536 NEXT 1048576 MINEXTENTS 1 MAXEXTENTS 2147483645
  PCTINCREASE 0 FREELISTS 1 FREELIST GROUPS 1
  BUFFER_POOL DEFAULT FLASH_CACHE DEFAULT CELL_FLASH_CACHE DEFAULT)
  TABLESPACE ""APEX_BIGFILE_INSTANCE_TBS""  ENABLE
   ) SEGMENT CREATION IMMEDIATE 
  PCTFREE 10 PCTUSED 40 INITRANS 1 MAXTRANS 255 
 NOCOMPRESS LOGGING
  STORAGE(INITIAL 65536 NEXT 1048576 MINEXTENTS 1 MAXEXTENTS 2147483645
  PCTINCREASE 0 FREELISTS 1 FREELIST GROUPS 1
  BUFFER_POOL DEFAULT FLASH_CACHE DEFAULT CELL_FLASH_CACHE DEFAULT)
  TABLESPACE ""APEX_BIGFILE_INSTANCE_TBS"" "
